Index,Title,Year,Age,IMDb,Rotten.Tomatoes,Netflix,Hulu,Prime.Video,Disney.,type,,
0,Breaking Bad,2008,18+,9.5,96%,1,0,0,0,1,,
1,Stranger Things,2016,16+,8.8,93%,1,0,0,0,1,,
2,Money Heist,2017,18+,8.4,91%,1,0,0,0,1,,
3,Sherlock,2010,16+,9.1,78%,1,0,0,0,1,,
4,Better Call Saul,2015,18+,8.7,97%,1,0,0,0,1,, 
5,The Office,2005,16+,8.9,81%,1,0,0,0,1,,
6,Black Mirror,2011,18+,8.8,83%,1,0,0,0,1,,
7,Supernatural,2005,16+,8.4,93%,1,0,0,0,1,,
8,Peaky Blinders,2013,18+,8.8,92%,1,0,0,0,1,,
9,Avatar: The Last Airbender,2005,7+,9.2,100%,1,0,0,0,1,,
10,The Walking Dead,2010,18+,8.2,81%,1,0,0,0,1,,
11,Dark,2017,16+,8.7,94%,1,0,0,0,1,,
12,Ozark,2017,18+,8.4,81%,1,0,0,0,1,,
13,Attack on Titan,2013,16+,8.8,94%,1,1,0,0,1,,
14,Narcos,2015,18+,8.8,89%,1,0,0,0,1,,
15,Fullmetal Alchemist: Brotherhood,2009,18+,9.1,100%,1,1,0,0,1,,
16,Community,2009,7+,8.5,88%,1,1,0,0,1,,
17,Mindhunter,2017,18+,8.6,96%,1,0,0,0,1,,
18,Parks and Recreation,2009,16+,8.6,93%,1,1,1,0,1,,
19,Dexter,2006,18+,8.6,72%,1,0,0,0,1,,
20,Marvel's Daredevil,2015,18+,8.6,92%,1,0,0,0,1,,
21,The Witcher,2019,18+,8.3,67%,1,0,0,0,1,,
22,Twin Peaks,1990,18+,8.8,89%,1,1,0,0,1,,
23,One-Punch Man,2015,16+,8.8,100%,1,1,0,0,1,,
24,Outlander,2014,18+,8.4,91%,1,0,0,0,1,,
25,House of Cards,2013,18+,8.7,78%,1,0,0,0,1,,
26,Shameless,2011,18+,8.6,85%,1,0,0,0,1,,
27,The Good Place,2016,16+,8.2,97%,1,1,0,0,1,,
28,The Haunting,2018,18+,8.7,93%,1,0,0,0,1,,
29,The Blacklist,2013,16+,8,91%,1,0,0,0,1,,
30,The Flash,2014,7+,7.7,89%,1,0,0,0,1,,
31,The Last Kingdom,2015,18+,8.4,91%,1,0,0,0,1,,
32,Mad Men,2007,16+,8.6,94%,1,0,0,0,1,,
33,Lucifer,2016,16+,8.2,87%,1,0,0,0,1,,
34,Orange Is the New Black,2013,18+,8.1,90%,1,0,0,0,1,,
35,Grey's Anatomy,2005,16+,7.6,83%,1,1,0,0,1,,
36,The End of the F***ing World,2017,18+,8.1,93%,1,0,0,0,1,,
37,Arrested Development,2003,16+,8.7,75%,1,1,0,0,1,,
38,The Vampire Diaries,2009,7+,7.7,85%,1,0,0,0,1,,
39,The Crown,2016,18+,8.7,89%,1,0,0,0,1,,
40,The 100,2014,16+,7.7,92%,1,0,0,0,1,,
41,When They See Us,2019,18+,8.9,96%,1,0,0,0,1,,
42,How to Get Away with Murder,2014,16+,8.1,88%,1,1,0,0,1,,
43,After Life,2019,18+,8.5,70%,1,0,0,0,1,,
44,Elite,2018,18+,7.6,97%,1,0,0,0,1,,
45,BoJack Horseman,2014,18+,8.7,93%,1,0,0,0,1,,
46,Never Have I Ever,2020,16+,8,97%,1,0,0,0,1,,
47,Penny Dreadful,2014,18+,8.2,91%,1,0,0,0,1,,
48,Marvel's Agents of S.H.I.E.L.D.,2013,16+,7.5,94%,1,0,0,0,1,,
49,Dead to Me,2019,18+,8.1,91%,1,0,0,0,1,,
50,Unorthodox,2020,18+,8.1,94%,1,0,0,0,1,,
51,Sense8,2015,18+,8.3,86%,1,0,0,0,1,,
52,Sacred Games,2018,18+,8.7,92%,1,0,0,0,1,,
53,American Crime Story,2016,18+,8.4,93%,1,0,0,0,1,,
54,Family Guy,1999,18+,8.1,71%,1,1,0,0,1,,
55,Pretty Little Liars,2010,16+,7.4,81%,1,1,0,0,1,,
56,Unbelievable,2019,18+,8.4,97%,1,0,0,0,1,,
57,Arrow,2012,16+,7.6,85%,1,0,0,0,1,,
58,The IT Crowd,2006,16+,8.5,87%,1,0,0,0,1,,
59,The Twilight Zone,1959,7+,9,82%,1,1,0,0,1,,
60,YOU,2018,18+,7.8,91%,1,0,0,0,1,,
61,Sex Education,2019,16+,8.3,94%,1,0,0,0,1,,
62,"Tiger King: Murder, Mayhem and Madness",2020,18+,7.8,86%,1,0,0,0,1,,
63,Star Trek: The Next Generation,1987,7+,8.6,89%,1,1,1,0,1,,
64,Broadchurch,2013,18+,8.4,92%,1,0,0,0,1,,
65,Kingdom,2019,18+,8.4,96%,1,0,0,0,1,,
66,Altered Carbon,2018,18+,8.1,64%,1,0,0,0,1,,
67,The Sinner,2017,16+,8,95%,1,0,0,0,1,,
68,"Love, Death & Robots",2019,18+,8.5,78%,1,0,0,0,1,,
69,Marvel's Jessica Jones,2015,18+,8,83%,1,0,0,0,1,,
70,New Girl,2011,16+,7.7,94%,1,0,0,0,1,,
71,The Good Wife,2009,16+,8.3,94%,1,1,1,0,1,,
72,The Umbrella Academy,2019,16+,7.9,77%,1,0,0,0,1,,
73,Marvel's The Punisher,2017,18+,8.5,63%,1,0,0,0,1,,
74,Ash vs Evil Dead,2015,18+,8.4,99%,1,0,0,0,1,,
75,Master of None,2015,18+,8.3,100%,1,0,0,0,1,,
76,Bodyguard,2018,18+,8.1,93%,1,0,0,0,1,,
77,Schitt's Creek,2015,16+,8.4,50%,1,0,1,0,1,,
78,Narcos: Mexico,2018,18+,8.4,88%,1,0,0,0,1,,
79,The West Wing,1999,16+,8.8,75%,1,0,0,0,1,,
80,Bates Motel,2013,18+,8.2,93%,1,0,0,0,1,,
81,Atypical,2017,18+,8.3,87%,1,0,0,0,1,,
82,Once Upon a Time,2011,7+,7.7,80%,1,0,0,0,1,,
83,Gomorrah,2014,18+,8.7,94%,1,0,0,0,1,,
84,Making a Murderer,2015,16+,8.6,84%,1,0,0,0,1,,
86,Castlevania,2017,18+,8.2,93%,1,0,0,0,1,,
87,Riverdale,2017,16+,7,86%,1,0,0,0,1,,
88,Burn Notice,2007,7+,7.9,88%,1,1,1,0,1,,
89,Fauda,2015,16+,8.3,100%,1,0,0,0,1,,
90,Russian Doll,2019,18+,7.9,96%,1,0,0,0,1,,
91,Our Planet,2019,7+,9.3,93%,1,0,0,0,1,,
92,Big Mouth,2017,18+,8,100%,1,0,0,0,1,,
94,Gotham,2014,16+,7.8,77%,1,0,0,0,1,,
95,I Am Not Okay with This,2020,18+,7.6,85%,1,0,0,0,1,,
97,The Vietnam War,2017,18+,9.1,98%,1,0,0,0,1,,
98,Waco,2018,18+,7.9,68%,1,0,0,0,1,,
99,Star Trek,1966,7+,8.3,80%,1,1,1,0,1,,
100,The OA,2016,16+,7.9,84%,1,0,0,0,1,,
101,Outer Banks,2020,18+,7.6,72%,1,0,0,0,1,,
102,The Midnight Gospel,2020,18+,8.4,90%,1,0,0,0,1,,
103,Good Girls,2018,16+,7.9,87%,1,1,0,0,1,,
104,Chilling Adventures of Sabrina,2018,16+,7.6,84%,1,0,0,0,1,,
105,Doctor Foster,2015,16+,7.7,85%,1,0,0,0,1,,
106,Gilmore Girls,2000,16+,8.1,85%,1,0,0,0,1,,
107,iZombie,2015,16+,7.9,91%,1,0,0,0,1,,
108,Anne with an E,2017,7+,8.6,62%,1,0,0,0,1,,
109,A Series of Unfortunate Events,2017,7+,7.8,96%,1,0,0,0,1,,
110,Neon Genesis Evangelion,1995,16+,8.5,100%,1,0,0,0,1,,
111,Into the Badlands,2015,16+,8,83%,1,0,0,0,1,,
112,Monty Python's Flying Circus,1969,16+,8.8,100%,1,0,0,0,1,,
113,Jane the Virgin,2014,7+,7.8,100%,1,0,0,0,1,,
114,Halt and Catch Fire,2014,16+,8.4,90%,1,0,0,0,1,,
115,Grace and Frankie,2015,7+,8.3,89%,1,0,0,0,1,,
116,NCIS,2003,16+,7.8,40%,1,0,0,0,1,,
117,Weeds,2005,18+,7.9,70%,1,0,0,0,1,,
118,GLOW,2017,18+,8,93%,1,0,0,0,1,,
120,13 Reasons Why,2017,18+,7.8,39%,1,0,0,0,1,,
121,Godless,2017,16+,8.3,85%,1,0,0,0,1,,
122,Locked Up,2015,16+,8.3,100%,1,0,0,0,1,,
123,Mushi-Shi,2005,16+,8.5,100%,1,1,1,0,1,,
124,Gossip Girl,2008,16+,7.4,84%,1,0,0,0,1,,
125,Unbreakable Kimmy Schmidt,2015,16+,7.6,96%,1,0,0,0,1,,
126,Lost in Space,2018,7+,7.3,75%,1,0,0,0,1,,
127,Scandal,2012,16+,7.7,93%,1,0,0,0,1,,
129,One Day at a Time,2017,7+,8.2,99%,1,0,0,0,1,,
130,DC's Legends of Tomorrow,2016,16+,6.8,87%,1,0,0,0,1,,
131,Manhunt,2017,16+,8.1,93%,1,0,0,0,1,,
133,Charmed,1998,16+,7.1,75%,1,0,0,0,1,,
134,The Dragon Prince,2018,7+,8.4,100%,1,0,0,0,1,,
135,Locke & Key,2020,16+,7.4,67%,1,0,0,0,1,,
136,Alias Grace,2017,18+,7.8,99%,1,0,0,0,1,,
137,American Vandal,2017,16+,8.2,97%,1,0,0,0,1,,
138,Santa Clarita Diet,2017,18+,7.8,89%,1,0,0,0,1,,
139,Maniac,2018,16+,7.8,85%,1,0,0,0,1,,
140,Star Trek: Deep Space Nine,1993,7+,7.9,90%,1,1,1,0,1,,
141,The Dark Crystal: Age of Resistance,2019,7+,8.5,87%,1,0,0,0,1,,
142,Colony,2016,16+,7.4,92%,1,0,0,0,1,,
143,Wild Wild Country,2018,16+,8.2,98%,1,0,0,0,1,,
144,Rectify,2013,16+,8.3,95%,1,0,0,0,1,,
145,Pose,2018,16+,8.6,96%,1,0,0,0,1,,
146,Marvel's Luke Cage,2016,18+,7.3,87%,1,0,0,0,1,,
147,Hollywood,2020,18+,7.7,57%,1,0,0,0,1,,
148,Derry Girls,2018,16+,8.4,97%,1,0,0,0,1,,
149,Dark Matter,2015,18+,7.5,89%,1,0,0,0,1,,
150,On My Block,2018,16+,8.1,97%,1,0,0,0,1,,
152,Longmire,2012,16+,8.3,88%,1,0,0,0,1,,
153,The Tudors,2007,18+,8.1,69%,1,0,0,0,1,,
154,HAPPY!,2017,18+,8.2,84%,1,0,0,0,1,,
155,The Stranger,2020,16+,7.3,89%,1,0,0,0,1,,
156,Call the Midwife,2012,7+,8.4,89%,1,0,0,0,1,,
157,Into the Night,2020,18+,7.2,83%,1,0,0,0,1,,
158,Mystery Science Theater 3000,1988,7+,8.5,80%,1,1,0,0,1,,
160,The Inbetweeners,2008,18+,8.4,54%,1,0,0,0,1,,
161,Reign,2013,16+,7.5,86%,1,0,0,0,1,,
162,Extras,2005,16+,8.3,89%,1,0,1,0,1,,
163,The Kominsky Method,2018,18+,8.2,90%,1,0,0,0,1,,
164,The 4400,2004,7+,7.3,95%,1,0,0,0,1,,
165,The Borgias,2011,18+,7.9,85%,1,0,0,0,1,,
166,Marco Polo,2014,18+,8,67%,1,0,0,0,1,,
167,Queer Eye,2018,16+,8.5,91%,1,0,0,0,1,,
168,The Spy,2019,18+,7.9,86%,1,0,0,0,1,,
169,Love,2016,18+,7.7,94%,1,0,0,0,1,,
170,Designated Survivor,2016,7+,7.5,71%,1,0,0,0,1,,
171,Ripper Street,2012,18+,8.1,100%,1,0,0,0,1,,
173,Hell on Wheels,2011,16+,8.3,72%,1,0,0,0,1,,
174,The Fosters,2013,16+,7.9,97%,1,0,0,0,1,,
175,Hawaii Five-0,2010,16+,7.3,82%,1,0,0,0,1,,
176,Marvel's The Defenders,2017,18+,7.3,78%,1,0,0,0,1,,
178,Supergirl,2015,7+,6.3,88%,1,0,0,0,1,,
179,Star Trek: Voyager,1995,7+,7.8,77%,1,1,1,0,1,,
180,Limitless,2015,16+,7.7,57%,1,0,0,0,1,,
181,Messiah,2020,18+,7.7,44%,1,0,0,0,1,,
182,The Shannara Chronicles,2016,16+,7.2,77%,1,0,0,0,1,,
185,Top Boy,2011,18+,8.4,95%,1,0,0,0,1,,
186,Jonathan Strange & Mr Norrell,2015,16+,8.2,91%,1,0,0,0,1,,
187,Haven,2010,16+,7.5,63%,1,0,0,0,1,,
188,Queen of the South,2016,16+,7.9,66%,1,0,0,0,1,,
190,Hart of Dixie,2011,7+,7.7,81%,1,0,0,0,1,,
191,Bloodline,2015,18+,8,62%,1,0,0,0,1,,
192,Middleditch & Schwartz,2020,18+,8.7,100%,1,0,0,0,1,,
194,Dirty Money,2018,16+,8.1,100%,1,0,0,0,1,,
195,Don't F**k with Cats: Hunting an Internet Killer,2019,18+,8.1,67%,1,0,0,0,1,,
199,Chef's Table,2015,all,8.6,100%,1,0,0,0,1,,
200,TURN: Washington's Spies,2014,16+,8.1,81%,1,0,0,0,1,,
201,Crazy Ex-Girlfriend,2015,16+,7.8,98%,1,0,0,0,1,,
202,Soul Eater,2008,16+,7.8,100%,1,1,0,0,1,,
203,Lost Girl,2010,16+,7.7,65%,1,0,0,0,1,,
204,Wynonna Earp,2016,16+,7.4,93%,1,0,0,0,1,,
206,Galavant,2015,7+,8.1,89%,1,0,0,0,1,,
208,Hilda,2018,7+,8.6,100%,1,0,0,0,1,,
209,The Originals,2013,16+,8.2,27%,1,0,0,0,1,,
210,Episodes,2011,18+,7.8,80%,1,0,0,0,1,,
211,Absolutely Fabulous,1992,16+,8.1,96%,1,1,0,0,1,,
212,Living with Yourself,2019,18+,7.2,84%,1,0,0,0,1,,
214,F is for Family,2015,18+,8,86%,1,0,0,0,1,,
215,The Keepers,2017,16+,8.1,96%,1,0,0,0,1,,
216,Cheer,2020,16+,8.2,96%,1,0,0,0,1,,
217,Disenchantment,2018,16+,7.2,68%,1,0,0,0,1,,
218,Dead Set,2008,18+,7.7,90%,1,0,0,0,1,,
220,Nurse Jackie,2009,18+,7.7,81%,1,0,0,0,1,,
222,Imposters,2017,16+,7.8,100%,1,0,0,0,1,,
223,Queer as Folk,1999,18+,8.2,100%,1,0,1,0,1,,
224,Heartland,2007,7+,8.4,45%,1,0,1,0,1,,
225,The Staircase,2005,16+,7.9,93%,1,0,0,0,1,,
226,Madam Secretary,2014,16+,7.6,68%,1,0,0,0,1,,
227,Chewing Gum,2015,16+,7.7,100%,1,0,0,0,1,,
228,Glee,2009,16+,6.7,71%,1,0,0,0,1,,
230,The Order,2019,18+,6.9,100%,1,0,0,0,1,,
233,Helix,2014,16+,6.8,81%,1,0,0,0,1,,
234,Safe,2018,18+,7.3,77%,1,0,0,0,1,,
235,Evil Genius,2018,18+,7.6,80%,1,0,0,0,1,,
236,Marvel's Iron Fist,2017,18+,6.5,37%,1,0,0,0,1,,
237,Lilyhammer,2012,18+,8,65%,1,0,0,0,1,,
238,Voltron: Legendary Defender,2016,7+,8.1,100%,1,0,0,0,1,,
242,Marianne,2019,18+,7.5,93%,1,0,0,0,1,,
243,Star Trek: Enterprise,2001,7+,7.5,50%,1,1,1,0,1,,
244,Portlandia,2011,16+,7.8,94%,1,0,0,0,1,,
246,Five Came Back,2017,16+,8.3,97%,1,0,0,0,1,,
247,American Crime,2015,16+,7.8,97%,1,0,0,0,1,,
249,Glitch,2015,16+,7.4,80%,1,0,0,0,1,,
250,GHOUL,2018,18+,7.1,83%,1,0,0,0,1,,
252,The Society,2019,18+,7,85%,1,0,0,0,1,,
254,Dracula,2020,18+,6.8,74%,1,0,0,0,1,,
255,Quantico,2015,16+,6.7,82%,1,0,0,0,1,,
258,She-Ra and the Princesses of Power,2018,all,7.3,97%,1,0,0,0,1,,
259,Versailles,2015,16+,7.9,66%,1,0,0,0,1,,
261,The Mechanism,2018,16+,8.4,80%,1,0,0,0,1,,
262,Everything Sucks!,2018,16+,7.5,72%,1,0,0,0,1,,
263,Raising Dion,2019,7+,7.2,82%,1,0,0,0,1,,
264,All American,2018,16+,7.7,96%,1,0,0,0,1,,
266,The Rain,2018,18+,6.3,82%,1,0,0,0,1,,
268,Nailed It!,2018,7+,7.4,98%,1,0,0,0,1,,
269,Last Tango in Halifax,2012,16+,8.3,98%,1,0,0,0,1,,
270,Star-Crossed,2014,16+,7.3,57%,1,0,0,0,1,,
271,The Politician,2019,16+,7.5,57%,1,0,0,0,1,,
272,Documentary Now!,2015,18+,8.1,94%,1,0,0,0,1,,
273,Baby,2018,18+,6.8,80%,1,0,0,0,1,,
274,Secret City,2016,16+,7.4,100%,1,0,0,0,1,,
275,Abstract: The Art of Design,2017,16+,8.4,100%,1,0,0,0,1,,
276,Shooter,2016,16+,7.5,44%,1,0,0,0,1,,
277,Marcella,2016,18+,7.4,65%,1,0,0,0,1,,
278,The Chef Show,2019,18+,8.2,100%,1,0,0,0,1,,
283,The Circle,2020,18+,7.5,80%,1,0,0,0,1,,
284,The Devil Next Door,2019,18+,7.6,91%,1,0,0,0,1,,
287,The Hollow,2018,7+,7.2,100%,1,0,0,0,1,,
288,Frontier,2016,18+,7.2,75%,1,0,0,0,1,,
292,Frequency,2016,7+,7.5,77%,1,0,0,0,1,,
294,Beauty and the Beast,2012,16+,7,51%,1,0,1,0,1,,
295,Cold Justice,2013,16+,7.9,80%,1,0,0,0,1,,
296,Hyperdrive,2019,7+,8.1,100%,1,0,0,0,1,,
297,Time: The Kalief Browder Story,2017,16+,8.5,100%,1,0,0,0,1,,
298,The Toys That Made Us,2017,16+,8.1,100%,1,0,0,0,1,,
299,Seven Seconds,2018,18+,7.7,77%,1,0,0,0,1,,
300,Spinning Out,2020,18+,7.7,63%,1,0,0,0,1,,
301,Killer Inside: The Mind of Aaron Hernandez,2020,18+,7.4,75%,1,0,0,0,1,,
304,London Spy,2015,18+,7.5,86%,1,0,0,0,1,,
306,Containment,2016,16+,7.2,50%,1,0,0,0,1,,
307,Black Lightning,2018,16+,6.1,95%,1,0,0,0,1,,
309,Derek,2013,16+,8,68%,1,0,0,0,1,,
310,Last Chance U,2016,16+,8.5,93%,1,0,0,0,1,,
311,Mars,2016,7+,7.5,61%,1,0,0,0,1,,
312,Love is Blind,2020,7+,6,73%,1,0,0,0,1,,
314,3%,2016,7+,7.4,33%,1,0,0,0,1,,
315,Zoo,2015,16+,6.8,82%,1,0,0,0,1,,
316,Daybreak,2019,18+,6.7,70%,1,0,0,0,1,,
317,Hemlock Grove,2013,18+,7.1,38%,1,0,0,0,1,,
319,Private Practice,2007,16+,6.6,51%,1,1,0,0,1,,
322,Insatiable,2018,16+,6.6,11%,1,0,0,0,1,,
323,No Tomorrow,2016,7+,7.2,88%,1,0,0,0,1,,
326,Surviving R. Kelly,2019,18+,7.6,95%,1,0,0,0,1,,
327,Easy,2016,18+,6.9,90%,1,0,0,0,1,,
328,Self Made: Inspired by the Life of Madam C.J. Walker,2020,16+,7.4,77%,1,0,0,0,1,,
329,Knightfall,2017,16+,6.8,60%,1,0,0,0,1,,
333,Carmen Sandiego,2019,7+,7.9,93%,1,0,0,0,1,,
334,Inside Bill's Brain: Decoding Bill Gates,2019,16+,8,50%,1,0,0,0,1,,
336,Flint Town,2018,18+,8,95%,1,0,0,0,1,,
337,Rake,2010,16+,8.6,100%,1,1,1,0,1,,
338,Rilakkuma and Kaoru,2019,7+,8.4,100%,1,0,0,0,1,,
342,The Frankenstein Chronicles,2015,16+,7.3,78%,1,0,0,0,1,,
344,Wu Assassins,2019,18+,6.4,83%,1,0,0,0,1,,
345,The Black Donnellys,2007,16+,8.1,40%,1,0,0,0,1,,
347,Collateral,2018,7+,6.7,78%,1,0,0,0,1,,
348,1983,2018,18+,6.8,100%,1,0,0,0,1,,
349,November 13: Attack on Paris,2018,18+,8.3,100%,1,0,0,0,1,,
352,The Confession Tapes,2017,16+,7.5,100%,1,0,0,0,1,,
353,Bad Blood,2017,18+,7.5,80%,1,0,0,0,1,,
356,The Trials of Gabriel Fernandez,2020,18+,8.2,80%,1,0,0,0,1,,
357,Ugly Delicious,2018,18+,7.8,100%,1,0,0,0,1,,
358,The Night Shift,2014,16+,7.4,30%,1,0,0,0,1,,
362,Aquarius,2015,16+,7.1,77%,1,0,0,0,1,,
364,Black Summer,2019,18+,6.4,75%,1,0,0,0,1,,
365,Bonding,2019,16+,7.2,64%,1,0,0,0,1,,
369,Young & Hungry,2014,16+,7.4,60%,1,0,0,0,1,,
370,Club de Cuervos,2015,18+,8.2,80%,1,0,0,0,1,,
371,I'm Sorry,2017,7+,7.9,75%,1,0,0,0,1,,
373,The Chalet,2018,18+,7,100%,1,0,0,0,1,,
374,My Next Guest Needs No Introduction With David Letterman,2018,18+,7.9,83%,1,0,0,0,1,,
377,The Confession Killer,2019,16+,7.4,100%,1,0,0,0,1,,
379,Bordertown,2016,7+,7.6,39%,1,0,0,0,1,,
380,Battle Creek,2015,16+,7.3,96%,1,0,0,0,1,,
383,Special,2019,18+,7.6,95%,1,0,0,0,1,,
385,3Below: Tales of Arcadia,2018,7+,7.8,100%,1,0,0,0,1,,
386,Mystery Science Theater 3000: The Return,2017,16+,8,100%,1,0,0,0,1,,
387,Dear White People,2017,16+,6.2,95%,1,0,0,0,1,,
390,White Gold,2017,18+,7.4,88%,1,0,0,0,1,,
393,Dirty John,2018,16+,7.1,71%,1,0,0,0,1,,
400,It's Bruno!,2019,7+,7.5,100%,1,0,0,0,1,,
402,Gentefied,2020,16+,7.3,88%,1,0,0,0,1,,
405,The Curious Creations of Christine McConnell,2018,7+,7.7,100%,1,0,0,0,1,,
407,Trinkets,2019,7+,7.1,50%,1,0,0,0,1,,
411,Fuller House,2016,7+,6.8,28%,1,0,0,0,1,,
413,Dark Tourist,2018,18+,7.6,70%,1,0,0,0,1,,
415,Great News,2017,7+,7,84%,1,0,0,0,1,,
422,"Roswell, New Mexico",2019,16+,6.1,55%,1,0,0,0,1,,
426,Friends from College,2017,18+,6.8,24%,1,0,0,0,1,,
427,Wormwood,2017,16+,7,92%,1,0,0,0,1,,
428,Watership Down,2018,7+,7.2,77%,1,0,0,0,1,,
434,Gypsy,2017,18+,6.9,38%,1,0,0,0,1,,
437,The Innocent Man,2018,18+,7.4,73%,1,0,0,0,1,,
438,Tuca & Bertie,2019,16+,7.4,100%,1,0,0,0,1,,
440,Lovesick,2014,18+,8.1,36%,1,0,0,0,1,,
441,Mr. Iglesias,2019,16+,7.1,88%,1,0,0,0,1,,
442,Hot Girls Wanted: Turned On,2017,18+,6.7,100%,1,0,0,0,1,,
451,Cleverman,2016,16+,6.4,86%,1,0,0,0,1,,
458,Taken,2017,16+,6.6,32%,1,1,0,0,1,,
461,Paradise PD,2018,18+,7,40%,1,0,0,0,1,,
465,The Messengers,2015,16+,6.5,47%,1,0,0,0,1,,
469,Damnation,2017,18+,7.7,64%,1,0,0,0,1,,
470,Jericho,2006,16+,7.2,54%,1,0,0,0,1,,
471,American Odyssey,2015,16+,7.3,54%,1,0,0,0,1,,
477,Rhythm + Flow,2019,18+,7.6,92%,1,0,0,0,1,,
478,Carole & Tuesday,2019,7+,7.9,100%,1,0,0,0,1,,
482,Seis Manos,2019,18+,7.3,100%,1,0,0,0,1,,
485,Lady Dynamite,2016,16+,7.4,97%,1,0,0,0,1,,
498,The Eddy,2020,18+,7,68%,1,0,0,0,1,,
499,A.D. The Bible Continues,2015,16+,7.4,58%,1,0,0,0,1,,
500,The Letter for the King,2020,7+,5.9,58%,1,0,0,0,1,,
505,Diagnosis,2019,18+,7.8,100%,1,0,0,0,1,,
506,W/ Bob & David,2015,18+,7.4,89%,1,0,0,0,1,,
507,Queen Sono,2020,18+,5.8,100%,1,0,0,0,1,,
508,Rotten,2018,18+,7.1,86%,1,0,0,0,1,,
509,Requiem,2018,18+,6.5,75%,1,0,0,0,1,,
512,October Faction,2020,18+,6.1,33%,1,0,0,0,1,,
515,The New Legends of Monkey,2018,7+,6.5,100%,1,0,0,0,1,,
534,Power Rangers,1993,7+,6.4,73%,1,0,1,0,1,,
536,Bobby Kennedy for President,2018,16+,8.2,95%,1,0,0,0,1,,
537,The Mist,2017,18+,5.4,62%,1,0,0,0,1,,
542,The Final Table,2018,all,7.7,50%,1,0,0,0,1,,
549,The Family,2019,16+,6.4,80%,1,0,0,0,1,,
553,Flaked,2016,18+,7.2,35%,1,0,0,0,1,,
561,Dogs,2018,all,8.1,92%,1,0,0,0,1,,
565,Girlboss,2017,18+,7,36%,1,0,0,0,1,,
574,The Assets,2014,16+,7.5,56%,1,0,0,0,1,,
576,Nightflyers,2018,16+,5.9,35%,1,0,0,0,1,,
578,How to Fix a Drug Scandal,2020,18+,6.9,86%,1,0,0,0,1,,
583,Sick Note,2017,18+,6.8,50%,1,0,0,0,1,,
587,Typewriter,2019,18+,6.5,60%,1,0,0,0,1,,
592,I Think You Should Leave with Tim Robinson,2019,18+,7.4,93%,1,0,0,0,1,,
597,Freud,2020,18+,6.6,50%,1,0,0,0,1,,
598,Between,2015,16+,6,22%,1,0,0,0,1,,
601,She's Gotta Have It,2017,18+,6.7,77%,1,0,0,0,1,,
604,The Good Cop,2018,16+,7,50%,1,0,0,0,1,,
606,Black Earth Rising,2018,16+,7.4,79%,1,0,0,0,1,,
617,Tidying Up with Marie Kondo,2019,7+,6.6,79%,1,0,0,0,1,,
625,The Windsors,2016,18+,7,90%,1,0,0,0,1,,
630,Another Life,2019,18+,4.9,6%,1,0,0,0,1,,
631,Cooked With Cannabis,2020,18+,6.9,80%,1,0,0,0,1,,
633,The Joel McHale Show with Joel McHale,2018,18+,7.3,83%,1,0,0,0,1,,
642,B: The Beginning,2018,18+,7.2,50%,1,0,0,0,1,,
643,The Mysteries of Laura,2014,16+,6.8,24%,1,0,0,0,1,,
644,Selection Day,2018,16+,7.3,33%,1,0,0,0,1,,
645,Wanderlust,2018,16+,7,73%,1,0,0,0,1,,
664,Fast & Furious Spy Racers,2019,7+,5.2,80%,1,0,0,0,1,,
666,HAPPYish,2015,18+,7.3,30%,1,0,0,0,1,,
667,Chambers,2019,18+,6.5,41%,1,0,0,0,1,,
668,White Lines,2020,18+,6.2,58%,1,0,0,0,1,,
676,Rebellion,2016,16+,7.1,40%,1,0,0,0,1,,
682,Chelsea Does,2016,18+,7.2,79%,1,0,0,0,1,,
683,Life Sentence,2018,16+,6.5,37%,1,0,0,0,1,,
687,Disjointed,2017,18+,6.7,19%,1,0,0,0,1,,
690,Kantaro: The Sweet Tooth Salaryman,2017,7+,7.6,100%,1,0,0,0,1,,
695,Dating Around,2019,16+,6.4,92%,1,0,0,0,1,,
706,Traitors,2019,18+,6.6,67%,1,0,0,0,1,,
737,Trigger Warning with Killer Mike,2019,16+,6.8,86%,1,0,0,0,1,,
742,Final Fantasy XIV: Dad of Light,2017,7+,7.2,100%,1,0,0,0,1,,
743,Champions,2018,7+,6,63%,1,1,0,0,1,,
765,Haters Back Off,2016,7+,6,50%,1,0,0,0,1,,
776,No Good Nick,2019,7+,5.8,60%,1,0,0,0,1,,
789,Family Reunion,2019,7+,6.3,67%,1,0,0,0,1,,
794,Kiss Me First,2018,18+,6.3,50%,1,0,0,0,1,,
817,The Honeymoon Stand Up Special,2018,16+,6.8,100%,1,0,0,0,1,,
834,Valor,2017,16+,5.9,22%,1,0,0,0,1,,
840,The I-Land,2019,18+,4.5,8%,1,0,0,0,1,,
849,Neo Yokio,2017,18+,5.8,77%,1,0,0,0,1,,
867,Brews Brothers,2020,18+,4.8,38%,1,0,0,0,1,,
889,Troy: Fall of a City,2018,18+,3.8,71%,1,0,0,0,1,,
906,Marseille,2016,18+,6.8,33%,1,0,0,0,1,,
917,"Breakfast, Lunch & Dinner",2019,18+,6.7,80%,1,0,0,0,1,,
988,Rapture,2018,18+,7.1,83%,1,0,0,0,1,,
1010,Cooper Barrett's Guide to Surviving Life,2016,7+,6.3,50%,1,0,0,0,1,,
1019,The Mr. Peabody & Sherman Show,2015,7+,5.6,80%,1,0,0,0,1,,
1029,Huge in France,2019,16+,6.8,50%,1,0,0,0,1,,
1102,Bill Nye Saves the World,2017,7+,3.6,75%,1,0,0,0,1,,
1106,Chelsea,2016,18+,6.1,41%,1,0,0,0,1,,
1116,Powder,1995,13+,6.6,50%,1,0,0,0,1,,
1118,Sid the Science Kid,2008,all,5.4,80%,1,0,0,0,1,,
1123,Behind Enemy Lines,2001,13+,6.4,37%,1,0,0,0,1,,
1158,The Break with Michelle Wolf,2018,18+,5.2,81%,1,0,0,0,1,,
1188,Prank Encounters,2019,18+,5,40%,1,0,0,0,1,,
1214,The Comedy Lineup,2018,18+,5.7,100%,1,0,0,0,1,,
1370,Baby Daddy,2015,16+,6,78%,1,0,0,0,1,,
1426,Pacific Heat,2016,16+,5.7,17%,1,0,0,0,1,,
1464,All About the Washingtons,2018,all,4.2,40%,1,0,0,0,1,,
1498,The Goop Lab,2020,18+,2.3,31%,1,0,0,0,1,,
1507,Westside,2018,16+,5.8,20%,1,0,0,0,1,,
1514,The In-Laws,2003,13+,5.7,34%,1,0,0,0,1,,
1931,Rick and Morty,2013,18+,9.2,94%,0,1,0,0,1,,
1932,Fargo,2014,18+,8.9,96%,0,1,0,0,1,,
1933,Vikings,2013,18+,8.5,93%,0,1,1,0,1,,
1934,Brooklyn Nine-Nine,2013,16+,8.4,97%,0,1,0,0,1,,
1935,The Simpsons,1989,7+,8.7,85%,0,1,0,1,1,,
1936,Lost,2004,16+,8.3,85%,0,1,0,0,1,,
1937,Prison Break,2005,16+,8.3,60%,0,1,0,0,1,,
1938,Modern Family,2009,16+,8.4,86%,0,1,0,0,1,,
1939,Firefly,2002,16+,9,85%,0,1,0,0,1,,
1940,Seinfeld,1989,7+,8.8,88%,0,1,0,0,1,,
1941,It's Always Sunny in Philadelphia,2005,18+,8.8,96%,0,1,0,0,1,,
1942,Killing Eve,2018,16+,8.3,90%,0,1,0,0,1,,
1943,South Park,1997,18+,8.7,81%,0,1,0,0,1,,
1944,How I Met Your Mother,2005,16+,8.3,83%,0,1,0,0,1,,
1945,Futurama,1999,16+,8.4,95%,0,1,0,0,1,,
1946,The Handmaid's Tale,2017,18+,8.5,88%,0,1,0,0,1,,
1947,Sons of Anarchy,2008,18+,8.6,87%,0,1,0,0,1,,
1948,Gravity Falls,2012,7+,8.9,100%,0,1,0,1,1,,
1949,What We Do in the Shadows,2019,18+,8.4,97%,0,1,0,0,1,,
1950,Archer,2009,18+,8.6,91%,0,1,0,0,1,,
1951,This Is Us,2016,16+,8.7,92%,0,1,0,0,1,,
1952,Pride and Prejudice,1995,all,8.9,88%,0,1,1,0,1,,
1953,Justified,2010,18+,8.6,97%,0,1,0,0,1,,
1954,Scrubs,2001,7+,8.3,83%,0,1,0,0,1,,
1955,The X-Files,1993,16+,8.6,75%,0,1,0,0,1,,
1956,My Hero Academia,2016,16+,8.5,100%,0,1,0,0,1,,
1957,Adventure Time,2010,7+,8.6,100%,0,1,0,0,1,,
1958,24,2001,16+,8.3,86%,0,1,0,0,1,,
1959,White Collar,2009,16+,8.2,96%,0,1,0,0,1,,
1960,Friday Night Lights,2006,7+,8.7,97%,0,1,0,0,1,,
1961,Mr. Bean,1990,all,8.5,100%,0,1,1,0,1,,
1962,Buffy the Vampire Slayer,1997,7+,8.2,82%,0,1,0,0,1,,
1963,Bob's Burgers,2011,16+,8.1,91%,0,1,0,0,1,,
1964,30 Rock,2006,16+,8.2,85%,0,1,1,0,1,,
1965,Legion,2017,16+,8.3,91%,0,1,0,0,1,,
1966,Elementary,2012,16+,7.9,95%,0,1,0,0,1,,
1967,Taboo,2017,16+,8.4,76%,0,1,0,0,1,,
1968,Atlanta,2016,18+,8.6,97%,0,1,0,0,1,,
1969,The Shield,2002,18+,8.7,90%,0,1,0,0,1,,
1971,The Office,2001,16+,8.5,96%,0,1,0,0,1,,
1972,Black Books,2000,7+,8.5,100%,0,1,1,0,1,,
1974,9/1/2001,2018,16+,7.7,81%,0,1,0,0,1,,
1975,Misfits,2009,18+,8.2,92%,0,1,0,0,1,,
1976,Veronica Mars,2004,16+,8.3,92%,0,1,0,0,1,,
1977,11.22.63,2016,18+,8.2,80%,0,1,0,0,1,,
1978,Frasier,1993,7+,8,93%,0,1,0,0,1,,
1979,Line of Duty,2012,18+,8.6,97%,0,1,0,0,1,,
1980,Bones,2005,16+,7.8,90%,0,1,1,0,1,,
1981,Steins;Gate,2011,16+,8.8,100%,0,1,0,0,1,,
1982,The Killing,2011,18+,8.2,69%,0,1,0,0,1,,
1984,Preacher,2016,18+,8,87%,0,1,0,0,1,,
1985,The Orville,2017,16+,8,65%,0,1,0,0,1,,
1986,Peep show,2003,18+,8.6,96%,0,1,1,0,1,,
1987,Desperate Housewives,2004,7+,7.4,72%,0,1,0,0,1,,
1988,RuPaul's Drag Race,2009,16+,8.5,83%,0,1,1,0,1,,
1989,Battlestar Galactica,2004,16+,8.6,82%,0,1,0,0,1,,
1990,Over the Garden Wall,2014,7+,8.8,88%,0,1,0,0,1,,
1991,Revenge,2011,16+,7.8,69%,0,1,0,0,1,,
1992,Tokyo Ghoul,2014,18+,7.9,100%,0,1,0,0,1,,
1993,Superstore,2015,16+,7.8,92%,0,1,0,0,1,,
1994,Lie to Me,2009,16+,8,78%,0,1,0,0,1,,
1996,Spaced,1999,18+,8.6,100%,0,1,0,0,1,,
1997,12 Monkeys,2015,16+,7.7,88%,0,1,0,0,1,,
1998,Blue Bloods,2010,16+,7.5,91%,0,1,1,0,1,,
1999,Devs,2020,18+,7.8,81%,0,1,0,0,1,,
2000,The Rookie,2018,16+,8.1,68%,0,1,0,0,1,,
2001,DAVE,2020,18+,8.4,62%,0,1,0,0,1,,
2002,Younger,2015,16+,7.8,99%,0,1,0,0,1,,
2004,Smallville,2001,7+,7.4,78%,0,1,0,0,1,,
2005,Dirk Gently's Holistic Detective Agency,2016,16+,8.3,85%,0,1,0,0,1,,
2006,Broad City,2014,18+,8.4,99%,0,1,0,0,1,,
2007,Workaholics,2011,18+,8.1,86%,0,1,1,0,1,,
2008,Dead Like Me,2003,16+,8.1,87%,0,1,1,0,1,,
2009,Nathan For You,2013,16+,8.8,97%,0,1,0,0,1,,
2010,Angel,1999,7+,7.9,88%,0,1,0,0,1,,
2011,Timeless,2016,7+,7.7,91%,0,1,0,0,1,,
2012,Castle Rock,2018,18+,7.6,87%,0,1,0,0,1,,
2013,Fresh Off the Boat,2015,7+,7.8,94%,0,1,0,0,1,,
2014,You're the Worst,2014,18+,8.1,95%,0,1,0,0,1,,
2015,The Affair,2014,18+,7.9,86%,0,1,0,0,1,,
2016,Elfen Lied,2004,18+,8,100%,0,1,1,0,1,,
2017,The Last Ship,2014,16+,7.5,83%,0,1,0,0,1,,
2018,Everybody Hates Chris,2005,7+,7.4,95%,0,1,0,0,1,,
2019,Raising Hope,2010,16+,8,96%,0,1,0,0,1,,
2020,Boston Legal,2004,16+,8.4,86%,0,1,0,0,1,,
2022,The Terror,2018,18+,8,87%,0,1,0,0,1,,
2024,Future Man,2017,18+,7.8,91%,0,1,0,0,1,,
2025,Inside No. 9,2014,18+,8.5,100%,0,1,0,0,1,,
2026,Zoey's Extraordinary Playlist,2020,16+,8.1,74%,0,1,0,0,1,,
2027,The Strain,2014,18+,7.3,79%,0,1,0,0,1,,
2028,The Venture Bros.,2004,18+,8.5,92%,0,1,0,0,1,,
2030,The League,2009,18+,8.2,81%,0,1,0,0,1,,
2031,Parenthood,2010,7+,8.2,88%,0,1,0,0,1,,
2032,Samurai Champloo,2004,18+,8.5,88%,0,1,0,0,1,,
2033,Mrs. America,2020,18+,7.5,96%,0,1,0,0,1,,
2034,Marvel's Runaways,2017,16+,7,87%,0,1,0,1,1,,
2035,Please Like Me,2013,18+,8.5,100%,0,1,0,0,1,,
2036,My Name Is Earl,2005,16+,7.7,82%,0,1,0,0,1,,
2037,Little Fires Everywhere,2020,18+,7.7,77%,0,1,0,0,1,,
2038,The Act,2019,18+,8,89%,0,1,0,0,1,,
2039,Dollhouse,2009,16+,7.7,72%,0,1,0,0,1,,
2040,Southland,2009,16+,8.4,87%,0,1,0,0,1,,
2042,Damages,2007,18+,8.1,91%,0,1,0,0,1,,
2043,Looking for Alaska,2019,18+,8.1,92%,0,1,0,0,1,,
2045,Legend of the Seeker,2008,16+,7.6,42%,0,1,0,0,1,,
2046,The Exorcist,2016,16+,8.1,89%,0,1,0,0,1,,
2047,Awkward.,2011,16+,7.5,78%,0,1,1,0,1,,
2048,Brockmire,2017,18+,8.1,98%,0,1,0,0,1,,
2049,High Fidelity,2020,18+,7.6,85%,0,1,0,0,1,,
2050,Better Things,2016,7+,7.7,97%,0,1,0,0,1,,
2051,Happy Endings,2011,16+,7.7,78%,0,1,0,0,1,,
2052,Fear the Walking Dead,2015,18+,6.9,73%,0,1,0,0,1,,
2053,TRIGUN,1998,7+,8.3,100%,0,1,0,0,1,,
2054,In the Flesh,2013,18+,8,97%,0,1,0,0,1,,
2057,Better Off Ted,2009,7+,8.2,89%,0,1,0,0,1,,
2058,The Gifted,2017,16+,7.4,79%,0,1,0,0,1,,
2059,Lethal Weapon,2016,16+,7.9,89%,0,1,0,0,1,,
2060,The Last Man on Earth,2015,16+,7.3,84%,0,1,0,0,1,,
2062,Sleepy Hollow,2013,16+,7.4,77%,0,1,0,0,1,,
2063,Rescue Me,2004,18+,8.3,89%,0,1,0,0,1,,
2064,Horace and Pete,2016,18+,8.5,96%,0,1,0,0,1,,
2065,Snowfall,2017,18+,8,81%,0,1,0,0,1,,
2066,Shadowhunters,2016,16+,6.6,76%,0,1,0,0,1,,
2067,Top of the Lake,2013,18+,7.5,82%,0,1,0,0,1,,
2068,Prime Suspect,1991,18+,8.4,100%,0,1,0,0,1,,
2069,Deutschland,2015,18+,8.1,94%,0,1,0,0,1,,
2070,Rizzoli & Isles,2010,16+,7.6,72%,0,1,0,0,1,,
2071,Stargate Universe,2009,16+,7.6,70%,0,1,1,0,1,,
2072,Key & Peele,2012,18+,8.3,97%,0,1,0,0,1,,
2073,The Mighty Boosh,2004,16+,8.3,100%,0,1,0,0,1,,
2075,Stumptown,2019,16+,7.5,92%,0,1,0,0,1,,
2076,The Mindy Project,2012,16+,7.4,86%,0,1,0,0,1,,
2077,Empire,2015,16+,7.4,84%,0,1,0,0,1,,
2079,The Librarians,2014,16+,7.3,89%,0,1,0,0,1,,
2082,Manifest,2018,16+,7.2,57%,0,1,0,0,1,,
2085,Nip/Tuck,2003,18+,7.6,75%,0,1,0,0,1,,
2086,New Amsterdam,2018,16+,8.1,34%,0,1,0,0,1,,
2087,Hellsing Ultimate,2006,18+,8.3,80%,0,1,0,0,1,,
2090,Ugly Betty,2006,7+,6.5,97%,0,1,0,0,1,,
2091,black-ish,2014,7+,7.1,91%,0,1,0,0,1,,
2092,Marvel's Cloak & Dagger,2018,16+,6.7,87%,0,1,0,0,1,,
2093,Wilfred,2011,18+,7.8,83%,0,1,0,0,1,,
2094,Catch-22,2019,18+,7.8,84%,0,1,0,0,1,,
2097,Invader Zim,2001,7+,8.3,100%,0,1,0,0,1,,
2098,For Life,2020,16+,7.5,86%,0,1,0,0,1,,
2099,Wayward Pines,2015,16+,7.4,61%,0,1,0,0,1,,
2100,Sailor Moon,1992,16+,7.7,90%,0,1,0,0,1,,
2101,Home Movies,1999,7+,8,100%,0,1,0,0,1,,
2102,Mr Inbetween,2018,18+,8.3,95%,0,1,0,0,1,,
2103,Mayans M.C.,2018,18+,7.5,86%,0,1,0,0,1,,
2104,The Unit,2006,16+,8.1,84%,0,1,0,0,1,,
2106,Nashville,2012,7+,7.7,90%,0,1,0,0,1,,
2107,NYPD Blue,1993,18+,7.5,84%,0,1,1,0,1,,
2108,Ramy,2019,18+,8,97%,0,1,0,0,1,,
2109,Don't Trust the B---- in Apartment 23,2012,16+,7.3,85%,0,1,0,0,1,,
2113,Cougar Town,2009,7+,6.9,89%,0,1,1,0,1,,
2115,Motherland: Fort Salem,2020,16+,6.9,58%,0,1,0,0,1,,
2116,Bunheads,2012,16+,7.6,100%,0,1,0,0,1,,
2119,Afro Samurai,2007,18+,7.7,100%,0,1,0,0,1,,
2120,Graceland,2013,16+,7.7,86%,0,1,0,0,1,,
2121,Scream Queens,2015,16+,7.1,75%,0,1,0,0,1,,
2122,Genius,2017,7+,8.4,70%,0,1,0,0,1,,
2123,The Looming Tower,2018,18+,8,88%,0,1,0,0,1,,
2125,Pinky and the Brain,1995,all,7.9,75%,0,1,0,0,1,,
2128,Emergence,2019,16+,7.2,94%,0,1,0,0,1,,
2129,Terriers,2010,18+,8.4,92%,0,1,0,0,1,,
2130,UnREAL,2015,18+,7.8,82%,0,1,0,0,1,,
2132,The Hitchhiker's Guide to the Galaxy,1981,7+,8,67%,0,1,1,0,1,,
2133,Witches of East End,2013,16+,7.6,65%,0,1,0,0,1,,
2136,Harlots,2017,18+,7.7,98%,0,1,0,0,1,,
2137,Good Behavior,2016,16+,8.1,78%,0,1,0,0,1,,
2139,RuPaul's Drag Race All Stars,2012,16+,8.6,70%,0,1,0,0,1,,
2141,The Outer Limits,1963,7+,8.2,91%,0,1,0,0,1,,
2142,Salem,2014,18+,7.1,82%,0,1,0,0,1,,
2143,The Hot Zone,2019,16+,7.3,90%,0,1,0,0,1,,
2144,Baskets,2016,18+,7.5,92%,0,1,0,0,1,,
2145,Make It or Break It,2009,16+,7.5,79%,0,1,0,0,1,,
2149,A Million Little Things,2018,16+,7.9,53%,0,1,0,0,1,,
2150,Man Seeking Woman,2015,18+,7.7,93%,0,1,0,0,1,,
2151,Wu-Tang: An American Saga,2019,18+,8.3,80%,0,1,0,0,1,,
2152,Ally McBeal,1997,16+,6.8,61%,0,1,0,0,1,,
2154,The Detour,2016,7+,7.7,90%,0,1,0,0,1,,
2156,My Mad Fat Diary,2013,16+,8.4,95%,0,1,0,0,1,,
2162,PEN15,2019,18+,7.9,93%,0,1,0,0,1,,
2163,Roseanne,1988,7+,7,76%,0,1,0,0,1,,
2164,Touch,2012,7+,7.4,68%,0,1,0,0,1,,
2168,The Baker and the Beauty,2020,7+,7.1,86%,0,1,0,0,1,,
2172,SIX,2017,18+,7.3,62%,0,1,0,0,1,,
2173,Legit,2013,18+,8.2,96%,0,1,0,0,1,,
2175,The Brady Bunch,1969,all,6.7,77%,0,1,0,0,1,,
2178,Body of Proof,2011,16+,7.1,76%,0,1,0,0,1,,
2179,Roots,2016,16+,7.9,96%,0,1,0,0,1,,
2182,Whitechapel,2009,7+,7.9,75%,0,1,0,0,1,,
2183,Tyrant,2014,18+,7.8,60%,0,1,0,0,1,,
2184,Breeders,2020,18+,7.1,83%,0,1,0,0,1,,
2188,Everything's Gonna Be Okay,2020,16+,7,94%,0,1,0,0,1,,
2190,Casual,2015,16+,7.5,92%,0,1,0,0,1,,
2193,Battlestar Galactica,1978,7+,7.2,33%,0,1,0,0,1,,
2194,Chance,2016,16+,7.7,75%,0,1,0,0,1,,
2196,Yu Yu Hakusho,1992,16+,8.4,100%,0,1,1,0,1,,
2200,Pretty Little Liars: The Perfectionists,2019,16+,7.1,100%,0,1,0,0,1,,
2201,Greek,2007,16+,7.5,75%,0,1,0,0,1,,
2203,The Wrong Mans,2013,18+,7.8,95%,0,1,0,0,1,,
2204,Legends,2014,16+,7.5,56%,0,1,0,0,1,,
2206,Shrill,2019,18+,7.4,87%,0,1,0,0,1,,
2207,Underground,2016,18+,7.7,96%,0,1,0,0,1,,
2208,The Path,2016,18+,7.3,77%,0,1,0,0,1,,
2209,Lodge 49,2018,16+,7.5,93%,0,1,0,0,1,,
2212,Angie Tribeca,2016,16+,7,96%,0,1,0,0,1,,
2213,Prodigal Son,2019,16+,8.2,54%,0,1,0,0,1,,
2214,Single Parents,2018,7+,7,75%,0,1,0,0,1,,
2217,Trust,2018,18+,7.5,78%,0,1,0,0,1,,
2219,The Glades,2010,16+,7.5,59%,0,1,0,0,1,,
2221,10 Things I Hate About You,2009,16+,7.3,88%,0,1,0,0,1,,
2225,NOS4A2,2019,16+,6.7,68%,0,1,0,0,1,,
2231,Twisted,2013,16+,7.3,73%,0,1,0,0,1,,
2232,Making It,2018,7+,7.9,100%,0,1,0,0,1,,
2233,Queen Sugar,2016,16+,7.7,97%,0,1,0,0,1,,
2235,Mary Kills People,2017,18+,7.5,100%,0,1,0,0,1,,
2238,I Am the Night,2019,7+,7,74%,0,1,0,0,1,,
2239,Holey Moley,2019,7+,6.7,91%,0,1,0,0,1,,
2249,Claws,2017,18+,7.3,90%,0,1,0,0,1,,
2257,Sealab 2021,2000,16+,7.9,74%,0,1,0,0,1,,
2260,Atlantis,2013,7+,6.6,62%,0,1,0,0,1,,
2261,Reprisal,2019,18+,7.5,44%,0,1,0,0,1,,
2262,The Event,2010,16+,7,67%,0,1,0,0,1,,
2271,American Gothic,1995,7+,8.1,67%,0,1,0,0,1,,
2272,LEGO Masters,2020,7+,7.2,67%,0,1,0,0,1,,
2276,Bless This Mess,2019,7+,6.7,82%,0,1,0,0,1,,
2278,Schooled,2019,7+,6.9,73%,0,1,0,0,1,,
2296,Breakout Kings,2011,16+,7.3,41%,0,1,0,0,1,,
2301,Pitch,2016,16+,7.4,94%,0,1,0,0,1,,
2304,The Long Road Home,2017,18+,7.5,77%,0,1,0,0,1,,
2308,Outsourced,2010,16+,7.5,20%,0,1,0,0,1,,
2310,Into the Dark,2018,18+,6.3,74%,0,1,0,0,1,,
2311,Clique,2017,7+,7,100%,0,1,0,0,1,,
2312,The Son,2017,16+,7.5,52%,0,1,0,0,1,,
2313,Songland,2019,7+,7.7,67%,0,1,0,0,1,,
2314,Lincoln Rhyme: Hunt for the Bone Collector,2020,16+,6.9,30%,0,1,0,0,1,,
2315,Saving Grace,2007,18+,7.6,73%,0,1,0,0,1,,
2320,This Country,2017,16+,8.5,96%,0,1,0,0,1,,
2331,The First,2018,18+,6.7,68%,0,1,0,0,1,,
2342,The Purge,2018,18+,6.4,42%,0,1,0,0,1,,
2351,Difficult People,2015,18+,7,95%,0,1,0,0,1,,
2352,Apple Tree Yard,2017,18+,7.1,92%,0,1,0,0,1,,
2361,The Firm,2012,16+,7,39%,0,1,0,0,1,,
2375,National Treasure,2016,16+,7.4,91%,0,1,0,0,1,,
2377,Time After Time,2017,16+,6.7,67%,0,1,0,0,1,,
2381,I'm Dying Up Here,2017,18+,7.4,51%,0,1,0,0,1,,
2386,The Cool Kids,2018,16+,7,65%,0,1,0,0,1,,
2389,The Conners,2018,7+,5.3,89%,0,1,0,0,1,,
2400,Samantha Who?,2007,7+,7.3,77%,0,1,0,0,1,,
2407,Shots Fired,2017,16+,6.4,84%,0,1,0,0,1,,
2412,Detroit 1-8-7,2010,16+,7.6,83%,0,1,0,0,1,,
2413,The Carmichael Show,2015,7+,7.6,86%,0,1,0,0,1,,
2414,Spy,2011,7+,7.9,100%,0,1,0,0,1,,
2415,24: Legacy,2017,16+,6.2,59%,0,1,0,0,1,,
2427,Ghosted,2017,7+,6.2,59%,0,1,0,0,1,,
2440,mixed-ish,2019,7+,6.2,80%,0,1,0,0,1,,
2441,Thief,2006,18+,7.5,81%,0,1,0,0,1,,
2443,Dirty Sexy Money,2007,16+,7.2,68%,0,1,0,0,1,,
2449,Deputy,2020,16+,6.1,40%,0,1,0,0,1,,
2450,Eli Stone,2008,7+,7.6,60%,0,1,0,0,1,,
2452,Shark,2006,16+,7.1,52%,0,1,0,0,1,,
2455,Shut Eye,2016,18+,7.4,43%,0,1,0,0,1,,
2461,Space Dandy,2014,16+,8.1,83%,0,1,0,0,1,,
2462,Fosse/Verdon,2019,18+,7.9,81%,0,1,0,0,1,,
2472,Light as a Feather,2018,16+,6.6,44%,0,1,0,0,1,,
2483,American Idol,2002,7+,4.1,68%,0,1,0,0,1,,
2490,Almost Family,2019,16+,6.3,24%,0,1,0,0,1,,
2517,Dimension 404,2017,7+,6.6,80%,0,1,0,0,1,,
2519,The Most Dangerous Animal of All,2020,16+,6.2,73%,0,1,0,0,1,,
2523,Alone Together,2018,16+,6.3,62%,0,1,0,0,1,,
2527,Inside Amy Schumer,2013,18+,6,86%,0,1,0,0,1,,
2533,Dice,2016,18+,7.4,33%,0,1,0,0,1,,
2537,Duncanville,2020,16+,5.6,89%,0,1,0,0,1,,
2538,Bluff City Law,2019,16+,6.8,36%,0,1,0,0,1,,
2540,Rosewood,2015,16+,6.7,9%,0,1,0,0,1,,
2546,Intruders,2014,16+,6.7,39%,0,1,0,0,1,,
2553,Graves,2016,18+,6.5,50%,0,1,0,0,1,,
2555,Perfect Harmony,2019,7+,6.6,62%,0,1,0,0,1,,
2557,Hillary,2020,18+,5.9,77%,0,1,0,0,1,,
2569,The Bastard Executioner,2015,18+,6.2,47%,0,1,0,0,1,,
2571,Utopia Falls,2020,7+,4.9,43%,0,1,0,0,1,,
2585,Damien,2016,16+,6.9,11%,0,1,0,0,1,,
2588,Hard Sun,2018,18+,6.6,48%,0,1,0,0,1,,
2603,Married,2014,18+,7,56%,0,1,0,0,1,,
2644,Reef Break,2019,7+,5.9,33%,0,1,0,0,1,,
2649,The Slap,2015,16+,7.6,67%,0,1,1,0,1,,
2650,The Moodys,2019,16+,6.6,62%,0,1,0,0,1,,
2651,Dietland,2018,16+,6.4,81%,0,1,0,0,1,,
2652,Son of Zorn,2016,16+,6.7,58%,0,1,0,0,1,,
2672,Outmatched,2020,7+,5.6,22%,0,1,0,0,1,,
2677,The Bachelorette,2003,16+,3.4,62%,0,1,0,0,1,,
2682,Axe Cop,2013,18+,7.4,70%,0,1,0,0,1,,
2692,The Hills,2006,7+,3.5,52%,0,1,1,0,1,,
2708,The Lowe Files,2017,7+,6.7,60%,0,1,1,0,1,,
2726,Council of Dads,2020,7+,6.2,50%,0,1,0,0,1,,
2735,Criminal Minds: Suspect Behavior,2011,16+,6.3,42%,0,1,1,0,1,,
2736,Agent X,2015,16+,6.2,28%,0,1,0,0,1,,
2746,Melrose Place,2009,16+,6,60%,0,1,0,0,1,,
2748,The Comedians,2015,18+,6.7,58%,0,1,0,0,1,,
2750,"I Love You, America",2017,18+,5.7,93%,0,1,0,0,1,,
2777,Vanished,2006,18+,7,67%,0,1,0,0,1,,
2794,The Weekly,2019,18+,6.5,38%,0,1,0,0,1,,
2813,Bless the Harts,2019,16+,4.9,82%,0,1,0,0,1,,
2831,Feed the Beast,2016,16+,6.7,23%,0,1,0,0,1,,
2855,Seed,2013,18+,5.6,67%,0,1,0,0,1,,
2881,Matador,2014,16+,5.7,67%,0,1,0,0,1,,
2886,High School USA!,2013,18+,6.4,44%,0,1,0,0,1,,
2905,The Hotwives of Orlando,2014,16+,7.4,85%,0,1,0,0,1,,
2908,Sherman's Showcase,2019,18+,5.4,100%,0,1,0,0,1,,
2927,Flirty Dancing,2019,7+,6.6,100%,0,1,0,0,1,,
2950,Indebted,2020,16+,4.3,25%,0,1,0,0,1,,
2958,Saved by the Bell: The College Years,1993,7+,6.3,9%,0,1,0,0,1,,
2983,I Am Cait,2015,16+,3.5,86%,0,1,0,0,1,,
2999,A Little Late with Lilly Singh,2019,16+,1.7,90%,0,1,0,0,1,,
3005,Man Up!,2011,7+,6.6,21%,0,1,0,0,1,,
3011,Napoleon Dynamite,2012,7+,6.4,25%,0,1,0,0,1,,
3061,.hack,2002,7+,6.9,18%,0,1,0,0,1,,
3182,What Just Happened??! with Fred Savage,2019,16+,4.2,67%,0,1,0,0,1,,
3566,The Wire,2002,18+,9.3,94%,0,0,1,0,1,,
3567,Band of Brothers,2001,18+,9.4,94%,0,0,1,0,1,,
3568,The Sopranos,1999,18+,9.2,92%,0,0,1,0,1,,
3569,House,2004,16+,8.7,90%,0,0,1,0,1,,
3570,Mr. Robot,2015,18+,8.5,94%,0,0,1,0,1,,
3571,Suits,2011,16+,8.5,90%,0,0,1,0,1,,
3572,The Boys,2019,18+,8.7,84%,0,0,1,0,1,,
3573,The Expanse,2015,16+,8.5,93%,0,0,1,0,1,,
3574,Fleabag,2016,18+,8.7,100%,0,0,1,0,1,,
3575,Rome,2005,18+,8.7,86%,0,0,1,0,1,,
3576,Bosch,2014,18+,8.4,97%,0,0,1,0,1,,
3577,The Marvelous Mrs. Maisel,2017,18+,8.7,89%,0,0,1,0,1,,
3578,Hannibal,2013,18+,8.5,92%,0,0,1,0,1,,
3579,Curb Your Enthusiasm,2000,18+,8.7,92%,0,0,1,0,1,,
3580,Boardwalk Empire,2010,18+,8.5,92%,0,0,1,0,1,,
3581,The Americans,2013,18+,8.4,96%,0,0,1,0,1,,
3582,Luther,2010,16+,8.5,88%,0,0,1,0,1,,
3583,Orphan Black,2013,18+,8.3,93%,0,0,1,0,1,,
3584,Six Feet Under,2001,18+,8.7,81%,0,0,1,0,1,,
3586,Chuck,2007,7+,8.2,89%,0,0,1,0,1,,
3587,Psych,2006,7+,8.3,89%,0,0,1,0,1,,
3588,Deadwood,2004,18+,8.6,92%,0,0,1,0,1,,
3589,The Man in the High Castle,2015,18+,8,84%,0,0,1,0,1,,
3590,Veep,2012,18+,8.3,93%,0,0,1,0,1,,
3591,Banshee,2013,18+,8.4,89%,0,0,1,0,1,,
3592,Oz,1997,18+,8.7,89%,0,0,1,0,1,,
3593,Tom Clancy's Jack Ryan,2018,18+,8.1,71%,0,0,1,0,1,,
3594,True Blood,2008,18+,7.8,70%,0,0,1,0,1,,
3595,Good Omens,2019,7+,8.1,84%,0,0,1,0,1,,
3596,Teen Wolf,2011,16+,7.6,81%,0,0,1,0,1,,
3597,The Pacific,2010,18+,8.3,91%,0,0,1,0,1,,
3598,Grimm,2011,16+,7.8,89%,0,0,1,0,1,,
3599,The Fall,2013,18+,8.2,84%,0,0,1,0,1,,
3600,The Night Manager,2016,16+,8.1,91%,0,0,1,0,1,,
3601,The Grand Tour,2016,16+,8.7,66%,0,0,1,0,1,,
3602,The Newsroom,2012,16+,8.6,59%,0,0,1,0,1,,
3603,Counterpart,2017,18+,8.1,100%,0,0,1,0,1,,
3604,Californication,2007,18+,8.3,57%,0,0,1,0,1,,
3605,Homecoming,2018,16+,7.5,98%,0,0,1,0,1,,
3606,Flight of the Conchords,2007,16+,8.5,94%,0,0,1,0,1,,
3607,Entourage,2004,16+,8.4,66%,0,0,1,0,1,,
3608,Sneaky Pete,2015,18+,8.2,96%,0,0,1,0,1,,
3610,Undone,2019,18+,8.2,100%,0,0,1,0,1,,
3611,Generation Kill,2008,18+,8.5,86%,0,0,1,0,1,,
3612,Humans,2015,16+,8,94%,0,0,1,0,1,,
3613,Farscape,1999,16+,8.2,90%,0,0,1,0,1,,
3614,Monk,2002,7+,7.9,90%,0,0,1,0,1,,
3615,The Thick of It,2005,18+,8.7,85%,0,0,1,0,1,,
3616,The Missing,2014,16+,8.2,93%,0,0,1,0,1,,
3617,Carnival Row,2019,18+,7.9,57%,0,0,1,0,1,,
3618,Eastbound & Down,2009,18+,8.2,91%,0,0,1,0,1,,
3619,Father Ted,1995,16+,8.6,93%,0,0,1,0,1,,
3621,Poldark,2015,16+,8.3,87%,0,0,1,0,1,,
3622,Goliath,2016,16+,8.2,82%,0,0,1,0,1,,
3623,Girls,2012,18+,7.3,89%,0,0,1,0,1,,
3624,Catastrophe,2015,18+,8.2,98%,0,0,1,0,1,,
3625,John Adams,2008,16+,8.5,81%,0,0,1,0,1,,
3626,River,2015,7+,8,100%,0,0,1,0,1,,
3627,Sex and the City,1998,18+,7.1,71%,0,0,1,0,1,,
3628,The Lost Room,2006,7+,8.2,77%,0,0,1,0,1,,
3629,Escape at Dannemora,2018,18+,8,89%,0,0,1,0,1,,
3630,Tales from the Loop,2020,16+,7.5,68%,0,0,1,0,1,,
3631,Modern Love,2019,18+,8,75%,0,0,1,0,1,,
3632,Boss,2011,18+,8.1,81%,0,0,1,0,1,,
3633,Mozart in the Jungle,2014,18+,8.2,94%,0,0,1,0,1,,
3635,Hanna,2019,16+,7.5,67%,0,0,1,0,1,,
3636,The Durrells,2016,7+,8.1,98%,0,0,1,0,1,,
3637,Gavin & Stacey,2007,16+,8.1,97%,0,0,1,0,1,,
3638,Angels in America,2003,18+,8.2,90%,0,0,1,0,1,,
3639,Defiance,2013,18+,7,77%,0,0,1,0,1,,
3640,The Addams Family,1964,all,7.9,100%,0,0,1,0,1,,
3641,Patrick Melrose,2018,18+,8.1,90%,0,0,1,0,1,,
3642,Treme,2010,18+,8.2,96%,0,0,1,0,1,,
3643,Hunters,2020,18+,7.2,64%,0,0,1,0,1,,
3644,Red Oaks,2014,18+,7.9,93%,0,0,1,0,1,,
3646,ZeroZeroZero,2020,18+,8.2,80%,0,0,1,0,1,,
3647,The Tick,2016,18+,7.4,95%,0,0,1,0,1,,
3648,Patriot,2015,18+,8.3,90%,0,0,1,0,1,,
3649,The Planets,2019,all,9.1,100%,0,0,1,0,1,,
3651,In Treatment,2008,18+,8.3,88%,0,0,1,0,1,,
3652,Bored to Death,2009,18+,7.9,79%,0,0,1,0,1,,
3655,Mr. Show with Bob and David,1995,18+,8.3,100%,0,0,1,0,1,,
3656,Mildred Pierce,2011,18+,7.7,80%,0,0,1,0,1,,
3658,House of Lies,2012,18+,7.4,77%,0,0,1,0,1,,
3659,Transparent,2014,18+,7.8,90%,0,0,1,0,1,,
3660,Endeavour,2012,16+,8.6,86%,0,0,1,0,1,,
3661,"Eerie, Indiana",1991,7+,8.2,100%,0,0,1,0,1,,
3662,Fortitude,2015,18+,7.4,84%,0,0,1,0,1,,
3663,BrainDead,2016,16+,8.1,65%,0,0,1,0,1,,
3664,A Very English Scandal,2018,16+,7.7,95%,0,0,1,0,1,,
3665,Victoria,2016,16+,8.2,87%,0,0,1,0,1,,
3666,Philip K. Dick's Electric Dreams,2017,18+,7.3,72%,0,0,1,0,1,,
3667,Big Love,2006,18+,7.5,80%,0,0,1,0,1,,
3669,Harper's Island,2009,16+,7.5,64%,0,0,1,0,1,,
3672,Salvation,2017,16+,7,44%,0,0,1,0,1,,
3673,The Tunnel,2013,18+,7.8,91%,0,0,1,0,1,,
3676,Extant,2014,16+,6.6,77%,0,0,1,0,1,,
3678,Flesh and Bone,2015,16+,8,62%,0,0,1,0,1,,
3679,Hung,2009,18+,7.1,71%,0,0,1,0,1,,
3680,Home Fires,2015,7+,8.2,100%,0,0,1,0,1,,
3682,Enlightened,2011,18+,7.5,87%,0,0,1,0,1,,
3683,Briarpatch,2020,18+,6.4,77%,0,0,1,0,1,,
3684,Wolf Hall,2015,16+,8.1,98%,0,0,1,0,1,,
3685,The Comeback,2005,18+,8,72%,0,0,1,0,1,,
3688,Absentia,2017,18+,7.3,50%,0,0,1,0,1,,
3691,Tin Star,2017,18+,7.3,57%,0,0,1,0,1,,
3692,Too Old to Die Young,2019,18+,7.4,69%,0,0,1,0,1,,
3696,How to Make It in America,2010,18+,7.9,66%,0,0,1,0,1,,
3698,Howards End,2017,7+,7.3,90%,0,0,1,0,1,,
3699,Conversations with a Killer: The Ted Bundy Tapes,2019,18+,7.8,54%,0,0,1,0,1,,
3700,Grantchester,2014,16+,7.9,95%,0,0,1,0,1,,
3702,Britannia,2018,16+,6.7,74%,0,0,1,0,1,,
3706,Life's Too Short,2011,16+,7.5,53%,0,0,1,0,1,,
3707,Forever,2018,18+,7.2,94%,0,0,1,0,1,,
3711,Hunted,2012,18+,6.6,76%,0,0,1,0,1,,
3714,Good Girls Revolt,2015,7+,8.2,73%,0,0,1,0,1,,
3716,Klondike,2014,16+,7.4,80%,0,0,1,0,1,,
3717,Mad Dogs,2015,18+,7.5,66%,0,0,1,0,1,,
3723,Cold Feet,1998,7+,8.2,82%,0,0,1,0,1,,
3725,Tell Me You Love Me,2007,18+,7.3,62%,0,0,1,0,1,,
3726,Hello Ladies,2013,18+,7.4,52%,0,0,1,0,1,,
3728,Alpha House,2013,16+,7.5,79%,0,0,1,0,1,,
3729,Family Tree,2013,18+,7.4,81%,0,0,1,0,1,,
3731,The Kettering Incident,2016,18+,6.9,67%,0,0,1,0,1,,
3733,The ABC Murders,2018,16+,6.6,72%,0,0,1,0,1,,
3734,Jean-Claude Van Johnson,2016,18+,7.7,64%,0,0,1,0,1,,
3741,Little Women,2017,7+,7.2,82%,0,0,1,0,1,,
3743,Lucky Louie,2006,18+,7.9,45%,0,0,1,0,1,,
3748,Indian Summers,2015,18+,7.2,83%,0,0,1,0,1,,
3749,Comrade Detective,2017,18+,7.3,83%,0,0,1,0,1,,
3757,Doctor Thorne,2016,7+,7.2,87%,0,0,1,0,1,,
3758,Hand of God,2014,18+,7.5,30%,0,0,1,0,1,,
3759,A Gifted Man,2011,7+,7,66%,0,0,1,0,1,,
3761,Mercy Street,2016,7+,7.4,73%,0,0,1,0,1,,
3763,Garfunkel and Oates,2014,18+,7.5,100%,0,0,1,0,1,,
3764,Breaking In,2011,16+,7.1,56%,0,0,1,0,1,,
3765,The Last Tycoon,2016,18+,7.7,46%,0,0,1,0,1,,
3775,The Widow,2019,18+,6.9,59%,0,0,1,0,1,,
3776,American Gothic,2016,16+,6.7,58%,0,0,1,0,1,,
3777,The Pale Horse,2020,all,6.1,79%,0,0,1,0,1,,
3780,Lore,2017,16+,6.7,65%,0,0,1,0,1,,
3782,The Romanoffs,2018,7+,7,50%,0,0,1,0,1,,
3784,Angry Boys,2011,18+,7.7,54%,0,0,1,0,1,,
3786,Beware the Batman,2013,7+,7.3,82%,0,0,1,0,1,,
3791,Betas,2013,18+,7,85%,0,0,1,0,1,,
3793,When the Levees Broke: A Requiem in Four Acts,2006,18+,8.5,97%,0,0,1,0,1,,
3797,Picnic at Hanging Rock,2018,16+,6.1,79%,0,0,1,0,1,,
3799,I Love Dick,2016,18+,6.2,87%,0,0,1,0,1,,
3800,Neverland,2013,7+,6.4,57%,0,0,1,0,1,,
3802,Making the Cut,2020,16+,6.6,63%,0,0,1,0,1,,
3803,The Last Post,2017,18+,7.2,64%,0,0,1,0,1,,
3834,Falling Water,2016,16+,6.5,26%,0,0,1,0,1,,
3881,The Bible,2013,16+,7.5,14%,0,0,1,0,1,,
3883,Little Britain USA,2008,18+,7.6,64%,0,0,1,0,1,,
3895,Texas Rising,2015,16+,6.7,19%,0,0,1,0,1,,
3900,Titanic,2012,16+,6,38%,0,0,1,0,1,,
3942,Accidentally on Purpose,2009,7+,6.3,33%,0,0,1,0,1,,
3948,Crisis in Six Scenes,2016,7+,6.6,17%,0,0,1,0,1,,
3981,Moby Dick,1998,7+,6.4,75%,0,0,1,0,1,,
4001,This Giant Beast That Is The Global Economy,2019,16+,7.7,50%,0,0,1,0,1,,
4004,Undercover,2016,16+,6.8,75%,0,0,1,0,1,,
4015,The Dangerous Book for Boys,2018,7+,5.9,71%,0,0,1,0,1,,
4023,The New Yorker Presents,2016,18+,6.5,86%,0,0,1,0,1,,
4031,Anna Karenina,2017,18+,6.6,63%,0,0,1,0,1,,
4033,Funny or Die Presents,2010,18+,5.6,100%,0,0,1,0,1,,
4105,Budding Prospects,2017,18+,7.3,80%,0,0,1,0,1,,
4113,Prime Suspect: Tennison,2017,16+,7.5,47%,0,0,1,0,1,,
4137,Hearts Afire,1992,7+,7,50%,0,0,1,0,1,,
4143,Great Expectations,1998,18+,7.2,37%,0,0,1,0,1,,
4186,The Simple Life,2003,16+,3.8,35%,0,0,1,0,1,,
4196,Flash Gordon,2007,7+,4.8,15%,0,0,1,0,1,,
4207,Rebel,2017,16+,5.2,38%,0,0,1,0,1,,
4407,"Glenn Martin, DDS",2009,16+,4.1,36%,0,0,1,0,1,,
4422,Danger & Eggs,2017,all,6.6,44%,0,0,1,0,1,,
5455,The Mandalorian,2019,7+,8.7,93%,0,0,0,1,1,,
5456,Star Wars: The Clone Wars,2008,7+,8.2,93%,0,0,0,1,1,,
5457,Marvel's Agent Carter,2015,7+,7.9,86%,0,0,0,1,1,,
5458,Star Wars Rebels,2014,7+,8,100%,0,0,0,1,1,,
5459,DuckTales,2017,7+,8.2,100%,0,0,0,1,1,,
5460,X-Men,1992,7+,8.4,85%,0,0,0,1,1,,
5461,One Strange Rock,2018,all,8.8,83%,0,0,0,1,1,,
5463,High School Musical: The Musical: The Series,2019,7+,7.3,79%,0,0,0,1,1,,
5465,The Imagineering Story,2019,7+,9.1,100%,0,0,0,1,1,,
5469,Lizzie McGuire,2001,all,6.6,100%,0,0,0,1,1,,
5472,Wolverine and the X-Men,2008,7+,8,67%,0,0,0,1,1,,
5475,The World According to Jeff Goldblum,2019,7+,7.9,82%,0,0,0,1,1,,
5487,The Muppets,2015,7+,7.4,64%,0,0,0,1,1,,
5498,Star Wars Resistance,2018,7+,4.9,92%,0,0,0,1,1,,
5506,Marvel's Inhumans,2017,7+,5,11%,0,0,0,1,1,,
5509,Diary of a Future President,2020,7+,5.5,100%,0,0,0,1,1,,
5517,Encore!,2019,7+,7.4,68%,0,0,0,1,1,,
5522,Spider-Man Unlimited,1999,7+,6.5,50%,0,0,0,1,1,,
5530,The Super Hero Squad Show,2009,7+,6.1,50%,0,0,0,1,1,,
5575,Marvel's Hero Project,2019,7+,6.1,92%,0,0,0,1,1,,
